"simulation","model","treatment_effect","anticipation_effect","naive_se_t","naive_se_a","naive_coverage_t","naive_power_t","naive_coverage_a","alpha_sd","convergence"
1801,"HH",-0.0208779644330377,NA,0.0202193385217904,NA,100,100,NA,0.148222463336237,1
1801,"HH-ANT",-0.00986563908378408,0.0190509033925579,0.0239798694621592,0.0223034793708665,100,100,100,0.148369371599401,1
1802,"HH",0.0126446629214239,NA,0.0204039398286857,NA,100,100,NA,0.157039893798266,1
1802,"HH-ANT",0.00901945456648963,-0.00625147953918827,0.0242147445201308,0.0224846084066186,100,100,100,0.157067270395651,1
1803,"HH",-0.00641174359041913,NA,0.0202211708149769,NA,100,100,NA,0.134719842209244,1
1803,"HH-ANT",-0.00727450885066246,-0.00149871945111423,0.0239441255184762,0.0223558920639208,100,100,100,0.134690837849101,1
1804,"HH",-0.0160175615040293,NA,0.0203478647056275,NA,100,100,NA,0.161623049695405,1
1804,"HH-ANT",-0.0119799842088148,0.00692382682957565,0.0241596888162564,0.0224097632992877,100,100,100,0.161893207073263,1
1805,"HH",0.0148113131493795,NA,0.0202460869888595,NA,100,100,NA,0.146202741677828,1
1805,"HH-ANT",-0.0018763540155785,-0.0288757453451026,0.0240003156691863,0.022338560321741,100,100,100,0.145669418812157,1
1806,"HH",-0.00277686963269586,NA,0.0202950592765967,NA,100,100,NA,0.155787516136589,1
1806,"HH-ANT",0.0161761442158217,0.0323286549216089,0.0240694522130425,0.0223613627665383,100,100,100,0.15375054620032,1
1807,"HH",-0.00570725051091675,NA,0.020088938836658,NA,100,100,NA,0.120521801140181,1
1807,"HH-ANT",0.00409027974748679,0.0172170313890905,0.0237452346094007,0.0222776585569389,100,100,100,0.120898836290123,1
1808,"HH",0.0138682844207057,NA,0.0201241556547189,NA,100,100,NA,0.152211970130677,1
1808,"HH-ANT",0.0253963647899643,0.01990266647281,0.0238766076336824,0.0221836888454278,100,100,100,0.152223991995104,1
1809,"HH",-0.0100006669398009,NA,0.0202598596280702,NA,100,100,NA,0.153676398547814,1
1809,"HH-ANT",0.00193912661679526,0.0205433397678651,0.0240336344542042,0.0223307271002956,100,100,100,0.152999074323192,1
1810,"HH",0.00657388958356308,NA,0.0203675266047832,NA,100,100,NA,0.140004925889046,1
1810,"HH-ANT",0.0210502783224783,0.0250851518189797,0.0241225943729196,0.0224977157522279,100,100,100,0.139215160065485,1
1811,"HH",0.0232735464317027,NA,0.0202902564658255,NA,100,100,NA,0.135613731274532,1
1811,"HH-ANT",0.0256696300149983,0.00417619561758337,0.0240275502100263,0.022430481012929,100,100,100,0.135613643973436,1
1812,"HH",-0.0300684904477559,NA,0.0203018825862483,NA,100,100,NA,0.158765047900776,1
1812,"HH-ANT",-0.0272271480699785,0.00489459515722949,0.024098792821985,0.0223652875998767,100,100,100,0.158798953992939,1
1813,"HH",0.00674332820749548,NA,0.0201795473810202,NA,100,100,NA,0.126977884471893,1
1813,"HH-ANT",0.00769664783478345,0.00166183437468876,0.0238711943516207,0.0223450969337563,100,100,100,0.127062977322424,1
1814,"HH",-0.00485742247156992,NA,0.0203213990479928,NA,100,100,NA,0.163179469034129,1
1814,"HH-ANT",0.00105359371557922,0.010158376963318,0.0241289995269454,0.0223754895504886,100,100,100,0.16303579828479,1
1815,"HH",0.0212008633061908,NA,0.0202453701272129,NA,100,100,NA,0.155826440330358,1
1815,"HH-ANT",0.018477848037325,-0.0046939101688514,0.0240261490478542,0.0223097506727377,100,100,100,0.155789300418762,1
1816,"HH",-0.0431843703753318,NA,0.0202873738680279,NA,0,0,NA,0.138502532982491,1
1816,"HH-ANT",-0.0401363733660618,0.00530014151917635,0.0240336321081184,0.0224155041683015,100,100,100,0.13859012711628,1
1817,"HH",-0.0352778341915964,NA,0.020471163448493,NA,100,100,NA,0.159010572282699,1
1817,"HH-ANT",-0.0422915715408769,-0.0120863254465355,0.0242977941168995,0.0225546776549839,100,100,100,0.159093699685834,1
1818,"HH",-0.0178334441981215,NA,0.0203309618983512,NA,100,100,NA,0.140318338456996,1
1818,"HH-ANT",-0.00886911254763978,0.0154710920675064,0.0240951563859772,0.0224589926792705,100,100,100,0.141033033733435,1
1819,"HH",0.00930526896391666,NA,0.0202623194798251,NA,100,100,NA,0.123078975171339,1
1819,"HH-ANT",0.00624086448171181,-0.00537619524801326,0.0239499936653676,0.0224597677115868,100,100,100,0.122973752231774,1
1820,"HH",0.00572706981342237,NA,0.0203200114403922,NA,100,100,NA,0.135503789606182,1
1820,"HH-ANT",-0.00181803198903468,-0.0131390135937834,0.0240595790225088,0.0224640285600949,100,100,100,0.1352936922012,1
1821,"HH",0.0222110112103618,NA,0.0201623305948834,NA,100,100,NA,0.115334275534152,1
1821,"HH-ANT",0.0361072822481428,0.0245933797006027,0.0237996317933049,0.0223921047674298,100,100,100,0.115169627013999,1
1822,"HH",-0.0455996013794049,NA,0.0202389571082988,NA,0,0,NA,0.157495656634214,1
1822,"HH-ANT",-0.0380798100558737,0.0129256905000405,0.0240197249932646,0.0222972665667088,100,100,100,0.15712132635853,1
1823,"HH",-0.0422088989536819,NA,0.0201764920671424,NA,0,0,NA,0.139607240868026,1
1823,"HH-ANT",-0.0282298973491796,0.0242881974931583,0.0239043364409979,0.0222845496058439,100,100,100,0.139393661263124,1
1824,"HH",0.00452853262531109,NA,0.0202315535754728,NA,100,100,NA,0.130959709825338,1
1824,"HH-ANT",0.0369160213925868,0.0565391359499025,0.0239293486985769,0.0223789562697654,100,100,0,0.129831361350119,1
1825,"HH",0.00767806056811345,NA,0.0203175374269593,NA,100,100,NA,0.138960326860999,1
1825,"HH-ANT",-0.00601710113352245,-0.0236923425340832,0.0240599201020259,0.022444927380815,100,100,100,0.13802599687721,1
1826,"HH",0.0148517745470131,NA,0.0202824242670121,NA,100,100,NA,0.145000184457289,1
1826,"HH-ANT",0.0097887014226236,-0.00877650705535645,0.0240445579484522,0.0223853560786407,100,100,100,0.144986577715426,1
1827,"HH",-0.0305885890123656,NA,0.0201836238752881,NA,100,100,NA,0.128872056290255,1
1827,"HH-ANT",-0.0163832821361899,0.0248610673177484,0.0238813349898994,0.0223396402185765,100,100,100,0.128889542117915,1
1828,"HH",0.00632560764213154,NA,0.0204678379358426,NA,100,100,NA,0.149641479638064,1
1828,"HH-ANT",0.00254436526206308,-0.00654373237546831,0.0242727047990814,0.0225788529419529,100,100,100,0.149639253521906,1
1829,"HH",0.0102684594484841,NA,0.0201569436747907,NA,100,100,NA,0.148313668080666,1
1829,"HH-ANT",0.00335756061493107,-0.0119524698926118,0.0239069933847692,0.0222329636157851,100,100,100,0.148415927220408,1
1830,"HH",-0.00156141090834623,NA,0.020279842012895,NA,100,100,NA,0.13668218899862,1
1830,"HH-ANT",-0.0183078519138534,-0.0291638423989753,0.0240161789172364,0.0224130782983738,100,100,100,0.136495898250342,1
1831,"HH",0.00640387652943116,NA,0.0203062831019381,NA,100,100,NA,0.141383591540191,1
1831,"HH-ANT",-0.0184301687889995,-0.0431174856031037,0.0240656090397535,0.0224251433646688,100,100,100,0.141839273893299,1
1832,"HH",0.00860937340182737,NA,0.0201256557841839,NA,100,100,NA,0.113565150487255,1
1832,"HH-ANT",-0.00338987160037595,-0.0212391311516785,0.0237456435325278,0.0223612739993024,100,100,100,0.113189669963197,1
1833,"HH",0.0186797812542416,NA,0.0202990198437601,NA,100,100,NA,0.13777265075042,1
1833,"HH-ANT",0.0396359244381006,0.0363109124301442,0.0240553047106611,0.0224335302627747,100,100,100,0.139037809876493,1
1834,"HH",0.0233136223509098,NA,0.0202157845232044,NA,100,100,NA,0.137192674400587,1
1834,"HH-ANT",0.025306513148425,0.00346501280527704,0.0239464318506099,0.0223397274333566,100,100,100,0.137277944770485,1
1835,"HH",0.00609327381530262,NA,0.0202609509510778,NA,100,100,NA,0.138606256375345,1
1835,"HH-ANT",0.00796708132859555,0.00325434819117137,0.0240018538160804,0.0223848553553796,100,100,100,0.138555624151579,1
1836,"HH",-0.00731574564871617,NA,0.0204446043910714,NA,100,100,NA,0.155897027439326,1
1836,"HH-ANT",-0.0169528528567668,-0.016595875286402,0.0242565745481908,0.0225325746890369,100,100,100,0.155472010621926,1
1837,"HH",-0.00940308758341803,NA,0.0203004991165689,NA,100,100,NA,0.161221536072702,1
1837,"HH-ANT",0.000135297273115843,0.0164074236493294,0.0241002485200169,0.0223567391624003,100,100,100,0.161012996734054,1
1838,"HH",0.0219373331464362,NA,0.0204154321676049,NA,100,100,NA,0.155879242965735,1
1838,"HH-ANT",0.0350998517634771,0.0227098591896231,0.0242253291749038,0.0225004431628412,100,100,100,0.155899891260815,1
1839,"HH",0.0320300463505876,NA,0.0201581311758202,NA,100,100,NA,0.124885171097551,1
1839,"HH-ANT",0.0402772393380266,0.014475442344676,0.0238373159052811,0.0223311005420213,100,100,100,0.124871795298631,1
1840,"HH",-0.0175092578468653,NA,0.0203825097198993,NA,100,100,NA,0.148259665993859,1
1840,"HH-ANT",-0.00271741177611145,0.0255947257573992,0.024171799981275,0.0224874146418951,100,100,100,0.148584729000369,1
1841,"HH",0.00396749319872244,NA,0.0204663435392421,NA,100,100,NA,0.150957636184911,1
1841,"HH-ANT",0.00635439512503968,0.00412182593026356,0.0242749844916193,0.0225731711988124,100,100,100,0.151070345864246,1
1842,"HH",0.0117990657581609,NA,0.0203229606074278,NA,100,100,NA,0.165037700727123,1
1842,"HH-ANT",0.0068779933775487,-0.00843742818741614,0.0241337027330728,0.0223726081375381,100,100,100,0.164796814099774,1
1843,"HH",0.00902174585162513,NA,0.0203382913595468,NA,100,100,NA,0.155389271405488,1
1843,"HH-ANT",0.0137690319297253,0.0081157245032767,0.0241375202139794,0.0224162843162202,100,100,100,0.155866731208026,1
1844,"HH",-0.00920116977986468,NA,0.020032976303704,NA,100,100,NA,0.108438264812758,1
1844,"HH-ANT",-0.0194334185815096,-0.0180842392085447,0.0236068432530641,0.0222909317734176,100,100,100,0.107753465276583,1
1845,"HH",-0.00873811697309437,NA,0.020253205325197,NA,100,100,NA,0.124169922864549,1
1845,"HH-ANT",-0.0106495118549707,-0.00335737804960194,0.0239449386957637,0.0224436210007324,100,100,100,0.124157768076123,1
1846,"HH",-0.0305757696978065,NA,0.0203061398375991,NA,100,100,NA,0.150563587530315,1
1846,"HH-ANT",-0.0284571066997671,0.00366092471803485,0.024085709613827,0.0223937136402088,100,100,100,0.150532189713462,1
1847,"HH",0.0386833956096108,NA,0.0204793130538232,NA,100,100,NA,0.178342640445513,1
1847,"HH-ANT",0.0315121934508326,-0.0122718399956301,0.0243396326798497,0.0225188953257258,100,100,100,0.178197326994806,1
1848,"HH",0.0248663522654584,NA,0.0202090388597705,NA,100,100,NA,0.150859981206483,1
1848,"HH-ANT",0.0128194684984219,-0.0208066807475047,0.0239707749531805,0.0222827097396257,100,100,100,0.150592564207388,1
1849,"HH",-0.0451764413570511,NA,0.0205856339586969,NA,0,0,NA,0.194787521395826,1
1849,"HH-ANT",-0.0391550188229081,0.01018295341599,0.0244896680983224,0.0226099881777218,100,100,100,0.195474621363984,1
1850,"HH",-0.0201600450223757,NA,0.0202439098205096,NA,100,100,NA,0.139415598165384,1
1850,"HH-ANT",-0.019566262116145,0.00103310285048973,0.0239848869900301,0.0223625375837486,100,100,100,0.139425399064642,1
1851,"HH",0.0219702572970272,NA,0.0200108041616031,NA,100,100,NA,0.114341430907084,1
1851,"HH-ANT",0.029930759670718,0.0140783245207233,0.023620090111505,0.0222248697527216,100,100,100,0.114152509822673,1
1852,"HH",0.00874137663869509,NA,0.0205146501477848,NA,100,100,NA,0.147273592543263,1
1852,"HH-ANT",0.00382811428171717,-0.00849528968026916,0.0243235317342535,0.0226400764676359,100,100,100,0.14751514506756,1
1853,"HH",-0.0158483075362678,NA,0.0201540407187125,NA,100,100,NA,0.122203408484528,1
1853,"HH-ANT",-0.0159329026203263,-0.000150162617401404,0.0238230978724815,0.0223414940436551,100,100,100,0.122246302976856,1
1854,"HH",-0.0222036992700212,NA,0.0203445488514353,NA,100,100,NA,0.141511892609882,1
1854,"HH-ANT",-0.0347044683137573,-0.0215687893811913,0.0241162234297183,0.022470152166288,100,100,100,0.142476778734707,1
1855,"HH",-0.0357974996959953,NA,0.0203966668771213,NA,100,100,NA,0.147951075741177,1
1855,"HH-ANT",-0.0547795837612971,-0.0328622136828415,0.0241822829378196,0.0225028154895397,0,0,100,0.147656082743318,1
1856,"HH",-0.0105684053326901,NA,0.0200915538521598,NA,100,100,NA,0.127649100153123,1
1856,"HH-ANT",-0.0148533264778104,-0.00750038307046266,0.023771417857886,0.0222414820057751,100,100,100,0.127735644993737,1
1857,"HH",0.0391218093709576,NA,0.0204331294021611,NA,100,100,NA,0.169417393826179,1
1857,"HH-ANT",0.0625033007020365,0.0401335492990589,0.0242713636095216,0.0224851328633397,0,0,100,0.169521335176073,1
1858,"HH",-0.0128582007959109,NA,0.0203435212248308,NA,100,100,NA,0.135852780661813,1
1858,"HH-ANT",-0.0143199019034289,-0.00253512777501039,0.0240914499913498,0.0224901715952312,100,100,100,0.135969040649377,1
1859,"HH",0.000412072194810003,NA,0.0200277019154735,NA,100,100,NA,0.116584763281821,1
1859,"HH-ANT",-0.0157344246125843,-0.0283372442532368,0.0236672311944291,0.022233709778083,100,100,100,0.117622534778077,1
1860,"HH",0.0313303906504036,NA,0.0202293178120252,NA,100,100,NA,0.147950490048599,1
1860,"HH-ANT",0.0438669632483838,0.0216937351795579,0.0239904494572083,0.0223154391788028,100,100,100,0.148052611215815,1
1861,"HH",0.00691386272363103,NA,0.020221677808384,NA,100,100,NA,0.139652403026299,1
1861,"HH-ANT",0.0109796242094698,0.0070321674962836,0.023962130406389,0.0223370737316343,100,100,100,0.139936819119822,1
1862,"HH",0.0324260055623138,NA,0.0201820738302686,NA,100,100,NA,0.127667918494847,1
1862,"HH-ANT",0.018149435827949,-0.0249997634586037,0.0238776114142053,0.0223444047831752,100,100,100,0.127882575732188,1
1863,"HH",0.0016627270942354,NA,0.0202283735027913,NA,100,100,NA,0.144503687522329,1
1863,"HH-ANT",-0.00453131033002349,-0.0107266152678095,0.0239820257785369,0.0223265298662982,100,100,100,0.144711797451795,1
1864,"HH",0.0340445171217038,NA,0.0204061684531288,NA,100,100,NA,0.151853742647721,1
1864,"HH-ANT",0.0403466716088171,0.0108909272403226,0.0242064867859459,0.0225024791773196,100,100,100,0.151949133387056,1
1865,"HH",0.00710486509823543,NA,0.0203302139546002,NA,100,100,NA,0.167617115119821,1
1865,"HH-ANT",0.0097226178526504,0.00447388779895449,0.0241472042332161,0.0223748440848204,100,100,100,0.167439689191765,1
1866,"HH",-0.00831928980625383,NA,0.0202336649981218,NA,100,100,NA,0.137053015263871,1
1866,"HH-ANT",-0.00930279958283128,-0.00170704120511799,0.0239667437260331,0.0223605315042471,100,100,100,0.137127094711208,1
1867,"HH",0.010486446954119,NA,0.0202807726848463,NA,100,100,NA,0.146550953723172,1
1867,"HH-ANT",0.017300377662112,0.0118021142229379,0.024046459745586,0.0223781127854936,100,100,100,0.146533846796583,1
1868,"HH",-0.0183708131154977,NA,0.0203319284543995,NA,100,100,NA,0.156467178201762,1
1868,"HH-ANT",-0.0101005314742898,0.0142342687531174,0.0241264828071604,0.0224045120946504,100,100,100,0.156109086977119,1
1869,"HH",0.0137622313655906,NA,0.0200147323967054,NA,100,100,NA,0.111825602138279,1
1869,"HH-ANT",0.0159418512315425,0.00386923312800365,0.0236162596890123,0.0222479328860261,100,100,100,0.111863540373517,1
1870,"HH",-0.0118719955281362,NA,0.0204114165248077,NA,100,100,NA,0.161400112140595,1
1870,"HH-ANT",-0.00735917272584698,0.00776573213089496,0.0242315924952643,0.0224810736279184,100,100,100,0.161326912394792,1
1871,"HH",-0.0199531768290124,NA,0.0202058145652679,NA,100,100,NA,0.121045199428341,1
1871,"HH-ANT",-0.0219205250848696,-0.00346465710332158,0.0238784302604499,0.0224073869149201,100,100,100,0.121093661367035,1
1872,"HH",-0.00926117598262714,NA,0.0201866360099264,NA,100,100,NA,0.115390144484596,1
1872,"HH-ANT",0.00438900392172519,0.0241089356686735,0.023822455604334,0.0224182641675334,100,100,100,0.114869921868985,1
1873,"HH",0.0205927172866312,NA,0.0202942466768132,NA,100,100,NA,0.139739207657499,1
1873,"HH-ANT",0.0247972878511223,0.00729068172866163,0.0240463690999329,0.0224186908296982,100,100,100,0.139959305041375,1
1874,"HH",-0.00366819825480403,NA,0.0201656346729298,NA,100,100,NA,0.144216363067376,1
1874,"HH-ANT",0.000631153589942018,0.0074512742602241,0.0239070047890997,0.0222564870390732,100,100,100,0.144292838651538,1
1875,"HH",-0.00709461137361545,NA,0.0203260395033917,NA,100,100,NA,0.149877066726551,1
1875,"HH-ANT",-0.00215007232186032,0.00851806814124668,0.0241100310062101,0.0224189373039249,100,100,100,0.150199576716386,1
1876,"HH",0.0107998077597493,NA,0.0201956402262902,NA,100,100,NA,0.139183695310271,1
1876,"HH-ANT",0.00819671995629802,-0.00450837779317024,0.023929439756393,0.0223091869501668,100,100,100,0.139352743131629,1
1877,"HH",-0.00603177595847348,NA,0.0203155522184389,NA,100,100,NA,0.145044216540713,1
1877,"HH-ANT",0.00964822926623428,0.0265521478231441,0.0240634395591842,0.0224171649335974,100,100,100,0.142769796800566,1
1878,"HH",0.00547047171056271,NA,0.0201513678933927,NA,100,100,NA,0.137651873441408,1
1878,"HH-ANT",-0.0043242295767929,-0.0170399970109064,0.0238722162581661,0.0222646384909245,100,100,100,0.137706037960162,1
1879,"HH",-0.0256387411592617,NA,0.0201673205108861,NA,100,100,NA,0.13399498602928,1
1879,"HH-ANT",-0.0307897623088225,-0.00896404427418452,0.0238774823383765,0.0222974459320407,100,100,100,0.133802721164469,1
1880,"HH",-0.0357665835468184,NA,0.0203124302896563,NA,100,100,NA,0.138402328397682,1
1880,"HH-ANT",-0.0200951979095767,0.0272507276024645,0.0240573659322814,0.0224425553438487,100,100,100,0.138009796672929,1
1881,"HH",0.00300547475717591,NA,0.0201506571826769,NA,100,100,NA,0.130025164265371,1
1881,"HH-ANT",0.0316682783889788,0.0500806159842991,0.0238515929831689,0.0222967255574952,100,100,0,0.130594332980097,1
1882,"HH",-0.0255264084822608,NA,0.0201995819668886,NA,100,100,NA,0.136065345539675,1
1882,"HH-ANT",-0.0216932930343957,0.00667442093583923,0.0239229257099147,0.0223256596884403,100,100,100,0.13602088866538,1
1883,"HH",0.0180231740485558,NA,0.02023404211239,NA,100,100,NA,0.149724677024385,1
1883,"HH-ANT",0.0208032096449587,0.00478484319926614,0.0239984393914328,0.0223148878774279,100,100,100,0.149557051213395,1
1884,"HH",-0.0214529545545526,NA,0.0202319219537364,NA,100,100,NA,0.145168947795529,1
1884,"HH-ANT",-0.0589461001629255,-0.0649767812085698,0.0239813460349114,0.0223242418141564,0,0,0,0.144986737704107,1
1885,"HH",0.00410463811745852,NA,0.0202821015991793,NA,100,100,NA,0.124359421206891,1
1885,"HH-ANT",0.00171006031523645,-0.00417481714297314,0.0239818341562226,0.022476260060573,100,100,100,0.124558688956303,1
1886,"HH",0.0150530367878603,NA,0.0203949681981146,NA,100,100,NA,0.148882701238211,1
1886,"HH-ANT",0.0103443262748765,-0.00812690623661492,0.0241878006759579,0.0224997179517948,100,100,100,0.149143744924695,1
1887,"HH",-0.0125696163672403,NA,0.0199166312734536,NA,100,100,NA,0.0976186996438876,1
1887,"HH-ANT",-0.0144356148487535,-0.00335040717517248,0.0234187813875905,0.0222569946366975,100,100,100,0.0975417497833754,1
1888,"HH",-0.016467213230339,NA,0.0201740486547458,NA,100,100,NA,0.12910195602145,1
1888,"HH-ANT",-0.012157254440874,0.00754015012672735,0.0238720540950951,0.0223282138443822,100,100,100,0.129172842892065,1
1889,"HH",0.00358035568368931,NA,0.0202101614729803,NA,100,100,NA,0.130131320544578,1
1889,"HH-ANT",0.0160615826680495,0.0217344676713245,0.0239242534893802,0.0223658499837645,100,100,100,0.130840872885813,1
1890,"HH",-0.0158011471975182,NA,0.0200375563401662,NA,100,100,NA,0.11184469500431,1
1890,"HH-ANT",-0.0289272668025114,-0.023188377908919,0.0236300009756275,0.0222705389558502,100,100,100,0.111137823914986,1
1891,"HH",0.00229210392247279,NA,0.0201808670198872,NA,100,100,NA,0.116249910173935,1
1891,"HH-ANT",0.00301620880030372,0.00128084458600739,0.0238289009552126,0.0224085965198429,100,100,100,0.116295326661012,1
1892,"HH",0.00916323028272908,NA,0.0202091364818985,NA,100,100,NA,0.127185316293912,1
1892,"HH-ANT",-0.00226070932301651,-0.0200181055517103,0.0239063457632265,0.0223775478314834,100,100,100,0.127302782363659,1
1893,"HH",0.0161576265599003,NA,0.0204691632868126,NA,100,100,NA,0.190378880749198,1
1893,"HH-ANT",-0.00078112174553927,-0.0289034254892809,0.0243441835620842,0.022486058903212,100,100,100,0.190422778294222,1
1894,"HH",0.0092129274952424,NA,0.0203291790538802,NA,100,100,NA,0.152281149731653,1
1894,"HH-ANT",0.00558337218512156,-0.00626716899326111,0.0241162949884281,0.0224142668805593,100,100,100,0.152215257169727,1
1895,"HH",0.00101814467364194,NA,0.020139553759725,NA,100,100,NA,0.127217796714926,1
1895,"HH-ANT",0.0288097423243476,0.0484780167105047,0.023803174515959,0.022291239819066,100,100,0,0.125575385609306,1
1896,"HH",0.0424847574110789,NA,0.0201902192405555,NA,0,0,NA,0.138531891011779,1
1896,"HH-ANT",0.073651110963629,0.0541997699942434,0.0239183973197581,0.0223032197612401,0,0,0,0.138637945582558,1
1897,"HH",-0.0166637429837835,NA,0.0203721968044637,NA,100,100,NA,0.123259616332539,1
1897,"HH-ANT",-0.0267465768669794,-0.0177219857884096,0.0240827030060497,0.0225853847732916,100,100,100,0.12353348714707,1
1898,"HH",0.0162660119443967,NA,0.0200003789237707,NA,100,100,NA,0.107641897288457,1
1898,"HH-ANT",0.00840814079788937,-0.0137404394781501,0.0235628690763042,0.0222590881899546,100,100,100,0.106840317537101,1
1899,"HH",0.00685954296650916,NA,0.0203178134968921,NA,100,100,NA,0.135252532764533,1
1899,"HH-ANT",0.004427438203798,-0.00422805918285687,0.0240599335545152,0.0224636460210726,100,100,100,0.135393211405002,1
1900,"HH",-0.011766089904764,NA,0.0203687629496174,NA,100,100,NA,0.136932037589271,1
1900,"HH-ANT",-0.0028831300632489,0.015428866365168,0.024127214723031,0.0225148923072174,100,100,100,0.137382671564356,1
1901,"HH",-0.0223514241494659,NA,0.0203923528478889,NA,100,100,NA,0.182759438632244,1
1901,"HH-ANT",-0.040533194131948,-0.0310690031555464,0.0242453217708944,0.0224136089670883,100,100,100,0.183142259756448,1
1902,"HH",-0.0119867828057721,NA,0.0203246332723281,NA,100,100,NA,0.161862227906299,1
1902,"HH-ANT",0.0151820317139432,0.0467366139723391,0.0241263127086696,0.0223802238754225,100,100,0,0.16134507580765,1
1903,"HH",0.0157504311929025,NA,0.0202006304407135,NA,100,100,NA,0.139920019199774,1
1903,"HH-ANT",0.0179283905382518,0.0037743894325693,0.0239369299728934,0.0223118939206586,100,100,100,0.140048036507999,1
1904,"HH",-0.0102787068567125,NA,0.0202645875249614,NA,100,100,NA,0.133538647183627,1
1904,"HH-ANT",-0.0120545859541195,-0.00309890782897148,0.0239911905439199,0.0224103774846256,100,100,100,0.133537041577092,1
1905,"HH",-0.0265330752607241,NA,0.0197984781905253,NA,100,100,NA,0.0911225313773608,1
1905,"HH-ANT",-0.0397486635492138,-0.0240910883133669,0.023231370607074,0.0221910727541482,100,100,100,0.0908887522886344,1
1906,"HH",0.0218832217582562,NA,0.0203609201557352,NA,100,100,NA,0.12985238033459,1
1906,"HH-ANT",0.022263617696284,0.00066155638949188,0.0240915056974207,0.0225372025694466,100,100,100,0.129907890032706,1
1907,"HH",-0.010631650759394,NA,0.0201783177848345,NA,100,100,NA,0.137100099894283,1
1907,"HH-ANT",-0.0137537451437505,-0.00542777855884568,0.0239028341205232,0.0222977364460136,100,100,100,0.137218928701309,1
1908,"HH",-0.0133090665190403,NA,0.0202440116336227,NA,100,100,NA,0.130350579873389,1
1908,"HH-ANT",-0.011126194150368,0.00381751774757489,0.0239568924381614,0.0224016571538095,100,100,100,0.130358262884651,1
1909,"HH",-0.00480238057477922,NA,0.0205488008270821,NA,100,100,NA,0.178430800428004,1
1909,"HH-ANT",0.0222439503981333,0.0462631666072171,0.0244156392550651,0.0225937396126142,100,100,0,0.177419101949546,1
1910,"HH",-0.00990901702776154,NA,0.0200132237814996,NA,100,100,NA,0.124435930269728,1
1910,"HH-ANT",-0.0032602849538322,0.0116374161454837,0.023671457763199,0.0221692204734224,100,100,100,0.124730106422125,1
1911,"HH",0.0175845814345903,NA,0.0205238573983499,NA,100,100,NA,0.176541751958231,1
1911,"HH-ANT",0.0252124721154691,0.0129578923479639,0.024393918698621,0.0225733606535717,100,100,100,0.177342789341122,1
1912,"HH",0.0070696199948674,NA,0.0204949961440002,NA,100,100,NA,0.174315133953366,1
1912,"HH-ANT",0.0160534327264147,0.0153582763880127,0.0243499494161618,0.0225439763102319,100,100,100,0.173809327255164,1
1913,"HH",-0.0374996676112005,NA,0.0201774699406699,NA,100,100,NA,0.147917952342049,1
1913,"HH-ANT",-0.01457510567122,0.0394701414705981,0.0239399501561994,0.0222590889179112,100,100,100,0.149454513185622,1
1914,"HH",0.013991709218817,NA,0.0203222709289902,NA,100,100,NA,0.151669330004913,1
1914,"HH-ANT",0.00900676298969846,-0.00861363646854017,0.0241077436650776,0.0224085730471388,100,100,100,0.151730275549587,1
1915,"HH",0.00454981034523753,NA,0.0203993002486861,NA,100,100,NA,0.161428614427868,1
1915,"HH-ANT",0.0093063877277864,0.00818474963341363,0.0242186082577955,0.0224676973040814,100,100,100,0.161540498593281,1
1916,"HH",0.0136045985971055,NA,0.0202900347314719,NA,100,100,NA,0.147500509919058,1
1916,"HH-ANT",-0.0213146592983043,-0.0600950988398354,0.0240346688920745,0.0223770634779614,100,100,0,0.144773852078273,1
1917,"HH",0.0304644227224887,NA,0.0202746103088398,NA,100,100,NA,0.144699025669542,1
1917,"HH-ANT",0.0452837946355577,0.0254602309259752,0.024045491053468,0.0223800305754528,100,100,100,0.14604243149063,1
1918,"HH",0.0186243356345243,NA,0.0203830768117733,NA,100,100,NA,0.171458770067591,1
1918,"HH-ANT",0.0322472855979455,0.0232532746343556,0.0242217446624687,0.0224266968267041,100,100,100,0.172503552225279,1
1919,"HH",-0.00439803686019371,NA,0.0199308000323106,NA,100,100,NA,0.0974916350730234,1
1919,"HH-ANT",-0.0077100515400475,-0.00588659417231192,0.0234431162720908,0.0222771868830371,100,100,100,0.0978114126262239,1
1920,"HH",0.0292097579484933,NA,0.0204268278126935,NA,100,100,NA,0.156299285718588,1
1920,"HH-ANT",0.0612217235810991,0.0551940875390074,0.0242314400387503,0.0225085690565046,0,0,0,0.155443223112971,1
1921,"HH",0.0179140414142001,NA,0.020389813841368,NA,100,100,NA,0.144547681877276,1
1921,"HH-ANT",0.0193974146376083,0.00256526106070878,0.0241697395644019,0.0225084927616945,100,100,100,0.144647631624016,1
1922,"HH",-0.0034344677824951,NA,0.0201576962655733,NA,100,100,NA,0.11564949649637,1
1922,"HH-ANT",0.00394531874820421,0.0130569899122794,0.0237999586329844,0.0223860028833291,100,100,100,0.115739228842958,1
1923,"HH",-0.00297382454735674,NA,0.0203079257453846,NA,100,100,NA,0.166729899459339,1
1923,"HH-ANT",-0.0105400664985242,-0.0129881426336906,0.0241193859763579,0.0223518162486377,100,100,100,0.166553369012555,1
1924,"HH",0.0164028081758282,NA,0.0202269917265998,NA,100,100,NA,0.137271527123308,1
1924,"HH-ANT",0.00903805654804318,-0.0127219050513573,0.0239645679783657,0.0223532575332454,100,100,100,0.137874250612429,1
1925,"HH",-0.0130684602215643,NA,0.0200468658983213,NA,100,100,NA,0.111623907358062,1
1925,"HH-ANT",-0.0258743154183303,-0.0227168836173478,0.0236564150242239,0.0222871790964026,100,100,100,0.111936695946241,1
1926,"HH",0.0236383017235761,NA,0.0202079463299908,NA,100,100,NA,0.131015112929747,1
1926,"HH-ANT",0.0111399244842436,-0.0218240424187448,0.0239132523383401,0.02235625366783,100,100,100,0.130694209991133,1
1927,"HH",0.00109884656359425,NA,0.0202507842385047,NA,100,100,NA,0.126318493531258,1
1927,"HH-ANT",0.0135409070280584,0.0218235436555075,0.0239495586793631,0.0224289345434849,100,100,100,0.126278807682452,1
1928,"HH",-0.00683390317685147,NA,0.0204217147993161,NA,100,100,NA,0.148225072097426,1
1928,"HH-ANT",-0.00909220257503606,-0.00391053408992099,0.0242155922198162,0.022531602016333,100,100,100,0.148245577987082,1
1929,"HH",-0.00900494535098778,NA,0.0199435000185728,NA,100,100,NA,0.101997163965687,1
1929,"HH-ANT",-0.0112749600304609,-0.00407248386542824,0.0234791628938556,0.0222455087635978,100,100,100,0.101973155414008,1
1930,"HH",0.011681646435648,NA,0.0200232783560459,NA,100,100,NA,0.110522663399449,1
1930,"HH-ANT",0.0246632812311827,0.0230538148789027,0.023613331042202,0.0222654089512819,100,100,100,0.110211601406192,1
1931,"HH",0.00167944119443696,NA,0.0200439194431369,NA,100,100,NA,0.114341527555069,1
1931,"HH-ANT",0.0195219394803328,0.0314788854935547,0.0236732180659125,0.0222663070093978,100,100,100,0.11516620033941,1
1932,"HH",0.0129210056007925,NA,0.0202673408522551,NA,100,100,NA,0.143255049736885,1
1932,"HH-ANT",0.0223967807183781,0.0164260356290935,0.0240247646411823,0.0223750061926649,100,100,100,0.143530643436885,1
1933,"HH",0.0105266257389634,NA,0.0203388012006674,NA,100,100,NA,0.157428305239371,1
1933,"HH-ANT",0.00659740196936952,-0.0067429682909404,0.0241373982117627,0.0224098716505323,100,100,100,0.157176402452751,1
1934,"HH",-0.0357896725498552,NA,0.020159472695791,NA,100,100,NA,0.126597560990627,1
1934,"HH-ANT",-0.0445538983560616,-0.0151947696752915,0.0238361028199182,0.0223213603618754,100,100,100,0.125830250553945,1
1935,"HH",0.017194733484959,NA,0.0203489267759111,NA,100,100,NA,0.151084269835614,1
1935,"HH-ANT",0.000562910931139139,-0.028620942117472,0.0241447140745905,0.0224417921678723,100,100,100,0.152181557536359,1
1936,"HH",0.00412395311707972,NA,0.0203082662407449,NA,100,100,NA,0.151339656745503,1
1936,"HH-ANT",-0.00798279560553448,-0.020923267587491,0.0240898635454076,0.0223934270343126,100,100,100,0.151337852722391,1
1937,"HH",-0.0270868972153421,NA,0.0202078445086589,NA,100,100,NA,0.12799053546694,1
1937,"HH-ANT",-0.0111657339434048,0.0278686117890017,0.0239019766535733,0.0223703396843216,100,100,100,0.127643825018973,1
1938,"HH",0.013724927819573,NA,0.0203523985192728,NA,100,100,NA,0.16245094563171,1
1938,"HH-ANT",0.000753272294785273,-0.0223166443475506,0.0241645585743411,0.0224119847927575,100,100,100,0.16245480353274,1
1939,"HH",-0.0231239621512685,NA,0.0202146122068523,NA,100,100,NA,0.136085204571312,1
1939,"HH-ANT",-0.00336427538695505,0.0342801445754928,0.0239509146029145,0.0223446428767925,100,100,100,0.137197774840001,1
1940,"HH",0.00222873748340977,NA,0.0202057382995398,NA,100,100,NA,0.12954457887205,1
1940,"HH-ANT",0.0072662751359069,0.00881270876816383,0.0239094367788916,0.0223618779999446,100,100,100,0.129534034296928,1
1941,"HH",-0.0139717544869082,NA,0.0201967920768712,NA,100,100,NA,0.133910358108341,1
1941,"HH-ANT",-0.0173345785531766,-0.00582613566983241,0.0239162541626876,0.0223324922225121,100,100,100,0.134177003313219,1
1942,"HH",-0.00283254555243394,NA,0.0202585687805649,NA,100,100,NA,0.149397348328532,1
1942,"HH-ANT",-0.0216605953704301,-0.0325325129569718,0.0240222271080467,0.0223419162700966,100,100,100,0.148805466075496,1
1943,"HH",0.0258102338775715,NA,0.0204987672797799,NA,100,100,NA,0.176437512491041,1
1943,"HH-ANT",0.0201298041286865,-0.00969743418001052,0.0243623045176717,0.0225450884515211,100,100,100,0.176826550829836,1
1944,"HH",0.00932224486122803,NA,0.0201815892042026,NA,100,100,NA,0.142765947033574,1
1944,"HH-ANT",-0.0133763522891984,-0.0393638374805128,0.02392337987439,0.0222791787530088,100,100,100,0.143154756997959,1
1945,"HH",-0.0263390115734612,NA,0.0203810142251498,NA,100,100,NA,0.150427500513367,1
1945,"HH-ANT",-0.0329068720561486,-0.01135123441317,0.0241744305675609,0.0224787872011478,100,100,100,0.150606799552023,1
1946,"HH",0.00563431182817384,NA,0.0200686308774638,NA,100,100,NA,0.103254461523569,1
1946,"HH-ANT",-0.00558626710287341,-0.0200330344571219,0.0236193218668995,0.0223763915385833,100,100,100,0.102705283775353,1
1947,"HH",0.0011911669540963,NA,0.0204444142853776,NA,100,100,NA,0.154806830628994,1
1947,"HH-ANT",0.0084013742789241,0.0123922680536858,0.0242605963128508,0.0225372816488365,100,100,100,0.15530299704533,1
1948,"HH",-0.00559367610032115,NA,0.0203895635933746,NA,100,100,NA,0.136605038571001,1
1948,"HH-ANT",-0.0125765727803668,-0.0121625994725101,0.0241475863371233,0.0225391685680997,100,100,100,0.136758622266236,1
1949,"HH",0.0145361679300405,NA,0.0202788769732909,NA,100,100,NA,0.138339168599923,1
1949,"HH-ANT",0.00251031847134161,-0.020890806253159,0.0240263296373488,0.022407092747444,100,100,100,0.138783945122614,1
1950,"HH",-0.00663740541680358,NA,0.0203026994437158,NA,100,100,NA,0.163955156702655,1
1950,"HH-ANT",-0.0360961824063221,-0.0506164462225314,0.024111385377585,0.0223519701305045,100,100,0,0.164632101992005,1
1951,"HH",-0.0117368544511312,NA,0.0201285586873341,NA,100,100,NA,0.112007615303352,1
1951,"HH-ANT",-0.0201456752438398,-0.0149247183266677,0.0237502844835945,0.022378126811808,100,100,100,0.112174345965238,1
1952,"HH",-0.0111366093457474,NA,0.0202227944662311,NA,100,100,NA,0.13346149672036,1
1952,"HH-ANT",-0.0306951373217401,-0.0339406141276222,0.0239276003156491,0.0223588633336165,100,100,100,0.132150214737308,1
1953,"HH",0.00708306838279834,NA,0.02034996499141,NA,100,100,NA,0.143282903087209,1
1953,"HH-ANT",0.0107164482369224,0.00627838647364035,0.0241211731414262,0.0224683562855692,100,100,100,0.143528688513838,1
1954,"HH",-0.00982384155059114,NA,0.0202062926442718,NA,100,100,NA,0.147476283268374,1
1954,"HH-ANT",-0.0114588509013543,-0.00282620890386161,0.0239626044281211,0.0222913515682336,100,100,100,0.14755606507292,1
1955,"HH",-0.0145202224128017,NA,0.0204138571290709,NA,100,100,NA,0.193689254852464,1
1955,"HH-ANT",-0.0237533025336656,-0.0157249444304143,0.0242819351230968,0.0224194509723154,100,100,100,0.193335263399036,1
1956,"HH",-0.0457446856916012,NA,0.0202816158271567,NA,0,0,NA,0.150888889833488,1
1956,"HH-ANT",-0.0400107477631786,0.00991079717144859,0.0240580954461236,0.0223651183414325,100,100,100,0.150907329456755,1
1957,"HH",0.0223500349424457,NA,0.0203331257122093,NA,100,100,NA,0.137822823702555,1
1957,"HH-ANT",0.0453393345347494,0.0399925015769748,0.0240768947396307,0.0224671265871095,100,100,100,0.137210801720526,1
1958,"HH",0.00852020695708039,NA,0.0202793546906711,NA,100,100,NA,0.150630155825505,1
1958,"HH-ANT",0.0341743122427484,0.0443434426230761,0.0240511643520312,0.0223613831055255,100,100,0,0.150355849332582,1
1959,"HH",0.0172990443688364,NA,0.0202342820764702,NA,100,100,NA,0.114282775712403,1
1959,"HH-ANT",0.0291890430242417,0.021074592415691,0.0238822729496078,0.0224832878130643,100,100,100,0.114405107175362,1
1960,"HH",0.0184462182072634,NA,0.0203318425273164,NA,100,100,NA,0.149603351305933,1
1960,"HH-ANT",0.0285655832744175,0.0174133019864526,0.0241080234951253,0.0224241447672099,100,100,100,0.148896809255647,1
1961,"HH",0.00957841695040096,NA,0.0203648707603018,NA,100,100,NA,0.150559674941959,1
1961,"HH-ANT",0.03482091319049,0.0436449550245236,0.0241546308093151,0.0224588733357804,100,100,100,0.150761880911946,1
1962,"HH",0.0200536328970043,NA,0.0203529060322317,NA,100,100,NA,0.150475781206373,1
1962,"HH-ANT",0.023173188148389,0.00539043316222173,0.0241411830810089,0.0224469032488081,100,100,100,0.150578923611891,1
1963,"HH",0.036342592851514,NA,0.0202826983344036,NA,100,100,NA,0.134652983148927,1
1963,"HH-ANT",0.0242100738578325,-0.0211443978064019,0.0240183793578575,0.0224264612798501,100,100,100,0.134939280502038,1
1964,"HH",0.0214679400348966,NA,0.0202752164998345,NA,100,100,NA,0.130622818237925,1
1964,"HH-ANT",0.0255539088324793,0.00711336347145947,0.0239915167979998,0.0224351770799883,100,100,100,0.130405180024987,1
1965,"HH",-0.0183431786700734,NA,0.0202113120211597,NA,100,100,NA,0.144971375825419,1
1965,"HH-ANT",-0.0143255383137462,0.00696274999845944,0.0239616118266592,0.0223052563308785,100,100,100,0.144971495862763,1
1966,"HH",0.00094772201208763,NA,0.0203043032453801,NA,100,100,NA,0.150880130298814,1
1966,"HH-ANT",-0.0133775909859042,-0.0246656679554399,0.0240906462421185,0.0223919397285598,100,100,100,0.151763955946393,1
1967,"HH",-0.0252406425256612,NA,0.0202355853703129,NA,100,100,NA,0.141269237862516,1
1967,"HH-ANT",-0.00414202330746,0.0366395401454803,0.0239774517304146,0.0223445519129779,100,100,100,0.141076224473437,1
1968,"HH",-0.00405782589750939,NA,0.0201825406781945,NA,100,100,NA,0.124765603842318,1
1968,"HH-ANT",-0.00582331847687254,-0.00309600660988246,0.0238664280816154,0.0223600242181662,100,100,100,0.124841621449989,1
1969,"HH",0.000401886928996382,NA,0.0202410528899017,NA,100,100,NA,0.134220231676564,1
1969,"HH-ANT",-0.00508040505171617,-0.0095098389079003,0.0239623692818947,0.0223797049606247,100,100,100,0.133876220353112,1
1970,"HH",0.00402820443166049,NA,0.0205101610415338,NA,100,100,NA,0.163280637807951,1
1970,"HH-ANT",-0.00457812664338952,-0.0147700423928862,0.0243484517258852,0.0225862986507617,100,100,100,0.162827765958795,1
1971,"HH",0.00330527773219252,NA,0.0200582941313776,NA,100,100,NA,0.116174715354494,1
1971,"HH-ANT",0.00659336130216772,0.00581189066760765,0.0236870818544371,0.0222683749349654,100,100,100,0.116226345141942,1
1972,"HH",-0.0202936945968196,NA,0.0199860119150997,NA,100,100,NA,0.11192482865199,1
1972,"HH-ANT",-0.0151265854364742,0.00916843972775571,0.0235839584159278,0.0222141893045281,100,100,100,0.111985572658305,1
1973,"HH",-0.0161822748469294,NA,0.0204269314502281,NA,100,100,NA,0.164549671889789,1
1973,"HH-ANT",-0.0107058610958346,0.00941645830493451,0.0242562400287145,0.0224906567346901,100,100,100,0.164563908719139,1
1974,"HH",0.0116912158821937,NA,0.0205521953959638,NA,100,100,NA,0.189822796433983,1
1974,"HH-ANT",0.0251691617780269,0.0229584948377508,0.0244443371482951,0.0225803508119706,100,100,100,0.190561594887966,1
1975,"HH",-0.000775001343216318,NA,0.0203603537929757,NA,100,100,NA,0.15908263777593,1
1975,"HH-ANT",0.0211609171465239,0.0377896399396887,0.0241666719335491,0.0224289689616116,100,100,100,0.159096993543591,1
1976,"HH",0.0077777702610582,NA,0.020395811090646,NA,100,100,NA,0.138656410958068,1
1976,"HH-ANT",0.0266956224076497,0.0329010439296418,0.0241630266815744,0.0225377615884632,100,100,100,0.139105322947621,1
1977,"HH",-0.00185343599827233,NA,0.020012919098394,NA,100,100,NA,0.116608874986226,1
1977,"HH-ANT",0.0107297138758197,0.0222074074350049,0.0236309806671265,0.0222118251415341,100,100,100,0.116301529992552,1
1978,"HH",0.0354442264510229,NA,0.0204438785901839,NA,100,100,NA,0.174415395327527,1
1978,"HH-ANT",0.01869173912735,-0.0287086550438336,0.0242914585397372,0.0224866591232602,100,100,100,0.174274009301473,1
1979,"HH",0.0185401611156571,NA,0.0203147258891689,NA,100,100,NA,0.143607942843363,1
1979,"HH-ANT",0.0181445527319697,-0.000685261353243688,0.0240791959733972,0.0224269503476118,100,100,100,0.143652140425718,1
1980,"HH",-0.0146293505074772,NA,0.0201180971648701,NA,100,100,NA,0.120407514399642,1
1980,"HH-ANT",-0.0191097073532575,-0.00789121101544697,0.0237734133931474,0.0223105130978467,100,100,100,0.120392671526042,1
1981,"HH",-0.0079954041742505,NA,0.0203671565161086,NA,100,100,NA,0.15074812906384,1
1981,"HH-ANT",-0.020331903887543,-0.0213004418908531,0.0241538824677928,0.0224606858359351,100,100,100,0.15029335872066,1
1982,"HH",0.00119038990027463,NA,0.0203053873278316,NA,100,100,NA,0.159813972482534,1
1982,"HH-ANT",0.0164442372446854,0.0262556390997775,0.0241061949464707,0.0223663761900787,100,100,100,0.160124106513791,1
1983,"HH",-0.00818185050629789,NA,0.0202567821135462,NA,100,100,NA,0.153233410784326,1
1983,"HH-ANT",-0.00216497011687186,0.0103808805085446,0.024035378411563,0.0223303495967249,100,100,100,0.153405195933536,1
1984,"HH",-0.0201165967151386,NA,0.0203069757145815,NA,100,100,NA,0.137156871001403,1
1984,"HH-ANT",-0.0234806715885899,-0.00585484753728131,0.0240525983403109,0.0224431915612831,100,100,100,0.137252047854778,1
1985,"HH",0.00852663399054526,NA,0.0201513312839667,NA,100,100,NA,0.142779830115423,1
1985,"HH-ANT",-0.00605106387063682,-0.025287543545698,0.0238852503810946,0.0222447405023762,100,100,100,0.142751324105122,1
1986,"HH",0.00761543418482546,NA,0.0204086937547905,NA,100,100,NA,0.143281155876643,1
1986,"HH-ANT",0.0086660242258959,0.00181721344042755,0.0241882815563482,0.0225343852602265,100,100,100,0.143363709228085,1
1987,"HH",0.033542042211233,NA,0.0201041723751038,NA,100,100,NA,0.131607729342718,1
1987,"HH-ANT",0.0514972393962327,0.0312248546307714,0.0237866192777932,0.0222333098160741,0,0,100,0.130577878323176,1
1988,"HH",-0.00946591877528714,NA,0.020321251099418,NA,100,100,NA,0.144297044433253,1
1988,"HH-ANT",-0.0160622077519675,-0.0114015781440405,0.024091372262154,0.0224324812261306,100,100,100,0.144678375958691,1
1989,"HH",0.00570296386509703,NA,0.0204189984719376,NA,100,100,NA,0.160569388060774,1
1989,"HH-ANT",0.0138634975920771,0.0140491079466213,0.024238417896962,0.0224915603499843,100,100,100,0.160445770518777,1
1990,"HH",0.0464329432639652,NA,0.0202290262463796,NA,0,0,NA,0.152255428967417,1
1990,"HH-ANT",0.048221503012466,0.00308731316300669,0.023999428677727,0.0223017552507644,0,0,100,0.152230749213925,1
1991,"HH",0.00131751839411183,NA,0.0203553683107997,NA,100,100,NA,0.13594119342321,1
1991,"HH-ANT",0.0098089637569535,0.0147418380210062,0.0240993883343879,0.0225015447394134,100,100,100,0.135470214879944,1
1992,"HH",0.0170606186886527,NA,0.0204657141875274,NA,100,100,NA,0.150411792631227,1
1992,"HH-ANT",0.00449670612936575,-0.0216706934810804,0.0242665524712532,0.0225723225987615,100,100,100,0.14974613157909,1
1993,"HH",0.0244034518459483,NA,0.0201589971099818,NA,100,100,NA,0.125000885205614,1
1993,"HH-ANT",0.0279958346645087,0.00626501854073519,0.0238422896075938,0.022332476841005,100,100,100,0.125263452482103,1
1994,"HH",-0.023037606091132,NA,0.0205377354504065,NA,100,100,NA,0.146747491752284,1
1994,"HH-ANT",-0.0202798886745561,0.00472413598152362,0.0243497528896541,0.022668137675143,100,100,100,0.147054410967334,1
1995,"HH",-0.0220225635526594,NA,0.020549224356364,NA,100,100,NA,0.172092949451802,1
1995,"HH-ANT",-0.028678361969379,-0.011417914074125,0.0244130525442345,0.0226101632217555,100,100,100,0.172150166423421,1
1996,"HH",-0.00129144997138561,NA,0.0204431491142574,NA,100,100,NA,0.177410753013817,1
1996,"HH-ANT",0.0146131943991084,0.0271486023777463,0.0242910399982172,0.0224788255939288,100,100,100,0.176400691023697,1
1997,"HH",0.0329146034802591,NA,0.0202206026631622,NA,100,100,NA,0.13206804790931,1
1997,"HH-ANT",0.0340888881891159,0.00204488818575855,0.0239349252554633,0.022366947529845,100,100,100,0.132030458534627,1
1998,"HH",-0.00860624018822932,NA,0.020338499959143,NA,100,100,NA,0.160893383434228,1
1998,"HH-ANT",0.0179079247173221,0.0456407718299718,0.0241440313304663,0.0223991555784885,100,100,0,0.160897682250924,1
1999,"HH",0.0100315374489408,NA,0.0202079471861743,NA,100,100,NA,0.129433097987539,1
1999,"HH-ANT",0.0118119470600897,0.00311170200697073,0.0239126500507504,0.0223652303163722,100,100,100,0.129508996849254,1
2000,"HH",0.0449991165393484,NA,0.0200971593400232,NA,0,0,NA,0.114423106206261,1
2000,"HH-ANT",0.0540383969448655,0.0159687811735405,0.023728698461898,0.0223257424602584,0,0,100,0.114793301738344,1
